seq,firstname,lastname,zip1
1,Mable,Wagner,49046
2,Virgie,Abbott,97131
3,Jeff,James,22777
4,Phoebe,Carroll,65626
5,Elmer,Miles,35531
6,Herman,Hanson,33271
7,Louise,Mendez,3654
8,Donald,Hansen,13399
9,Iva,Hammond,8294
10,Leila,Leonard,87728
11,Susie,Rodriquez,60056
12,Rosetta,Vaughn,13100
13,Katherine,Stephens,1003
14,Irene,Berry,94305
15,Gary,Jordan,95828
16,Minnie,Freeman,10592
17,Derrick,Cohen,86289
18,Duane,Doyle,46750
19,Abbie,Cross,52709
20,Leonard,Barker,11834
21,Martin,Lowe,41942
22,Patrick,Rios,36996
23,Austin,Owen,42295
24,Lily,Dunn,53777
25,Bernice,Bryan,75186
26,Jeremy,Dennis,98989
27,Samuel,Atkins,40158
28,Bernice,Tucker,67970
29,Amelia,Underwood,16043
30,Betty,Park,83470
31,Grace,Logan,70406
32,Barbara,Horton,91273
33,Minerva,Montgomery,78902
34,Bessie,McDonald,94269
35,Julian,Allison,36574
36,Michael,Daniels,70964
37,Hulda,Coleman,34885
38,Ian,Vega,98704
39,Loretta,Allison,51976
40,Laura,Williamson,79504
41,Barbara,Ball,41464
42,Joel,Thomas,48540
43,Leona,Warner,37529
44,Marc,Mason,44584
45,Delia,Hopkins,920
46,Adele,Klein,30456
47,Randy,Kelley,275
48,Harriett,Thompson,62507
49,Hallie,Love,74167
50,Charlie,Mathis,74939
51,Jackson,Floyd,84493
52,Robert,Newman,98794
53,Hulda,Carson,53553
54,Esther,Salazar,4579
55,Theresa,Waters,58980
56,Wesley,Page,72169
57,Leonard,Carlson,79070
58,Devin,Atkins,23805
59,Adeline,Paul,87834
60,Lulu,Pierce,84478
61,Phillip,Lopez,90326
62,Leah,Lynch,46979
63,Lola,Barber,44771
64,Ann,Little,24077
65,Alan,Reyes,61083
66,Polly,Campbell,53314
67,Maria,Peters,22158
68,Myra,Harvey,59469
69,Ruby,Morris,17792
70,Mabel,Edwards,1835
71,Theodore,Salazar,48735
72,Lucinda,Schmidt,59903
73,Katharine,Knight,19215
74,Mittie,Ryan,6134
75,Leila,Greer,40823
76,Nathan,Singleton,2830
77,Juan,Hampton,16984
78,Randall,Andrews,29310
79,Vera,Griffin,13131
80,Craig,Campbell,74592
81,Laura,Day,66221
82,Curtis,Banks,64039
83,Daniel,Owen,4205
84,Bobby,Kelley,69285
85,Tyler,Carpenter,39539
86,Marie,Lyons,58090
87,Alvin,Craig,82743
88,Lucile,McKenzie,78724
89,Connor,Gill,72567
90,Loretta,Little,65409
91,Alfred,Frank,47603
92,John,Kim,22384
93,Estelle,Hodges,13862
94,Hallie,Hampton,17784
95,Betty,Crawford,61489
96,Rodney,Floyd,11010
97,Carl,Obrien,79423
98,Clyde,Glover,14286
99,Georgie,May,60550
100,Jared,Soto,92639
101,Dorothy,Nguyen,11507
102,Dominic,Matthews,35954
103,Carrie,Salazar,32643
104,Brent,Holloway,2757
105,Micheal,Young,15867
106,Lora,Flowers,31841
107,Gary,Wilkins,30690
108,Henrietta,Chavez,75462
109,Jerry,Allen,43733
110,Hannah,Curtis,57874
111,Angel,Edwards,5342
112,Joseph,Padilla,5804
113,Iva,Long,30114
114,Andrew,Harrington,91744
115,Garrett,Nelson,30148
116,Fannie,Howard,18683
117,Katharine,Erickson,33037
118,Leroy,Dunn,95056
119,Melvin,Bass,48037
120,Belle,Tyler,95718
121,David,Clarke,18828
122,Lily,Carson,65967
123,Jeanette,Mason,9019
124,Philip,Oliver,34150
125,Harry,Roy,69507
126,Luis,Powers,93379
127,Ryan,Tran,27730
128,Walter,Jordan,79927
129,Darrell,Manning,63275
130,Marie,Wright,83588
131,Calvin,Vasquez,92974
132,Martin,Lee,1078
133,Carrie,Cruz,29557
134,Austin,Roy,86869
135,Ina,Bass,8759
136,Evelyn,Santiago,903
137,Daniel,Barton,1803
138,Earl,Burton,92214
139,Brent,Bass,95026
140,Marion,Romero,75194
141,Annie,Dawson,65588
142,Manuel,Ramirez,88185
143,Miguel,Baldwin,35241
144,Jeremy,Walton,7437
145,Norman,Austin,68214
146,Glen,Campbell,53581
147,Stella,Buchanan,50370
148,Warren,Osborne,85703
149,Ian,Herrera,82176
150,Scott,Weber,4620
151,Lillian,Holmes,28731
152,Theodore,Zimmerman,78813
153,Augusta,Cook,72551
154,Iva,Lopez,29408
155,Jane,Campbell,68099
156,Grace,Howell,51496
157,Inez,Diaz,35814
158,Alma,Swanson,11868
159,Anne,Salazar,51734
160,Eugene,Owens,60100
161,Cecelia,Wong,61298
162,Rosalie,Stewart,6319
163,Elijah,Wright,94728
164,Lucy,McCarthy,48456
165,Callie,Mason,28662
166,Shane,Bowers,50336
167,Eugene,Kim,84371
168,Maude,Chapman,15805
169,Olive,Abbott,1808
170,Roxie,Potter,79929
171,Trevor,Crawford,640
172,Anthony,Phelps,69713
173,Kyle,McBride,2907
174,Don,Oliver,49602
175,Mayme,Campbell,12347
176,Winifred,Davidson,67442
177,Celia,French,22631
178,Dale,Neal,5049
179,Emma,Norman,65839
180,Barbara,Smith,58577
181,Clyde,Willis,71878
182,Tyler,Osborne,742
183,Cordelia,Howell,14842
184,Lawrence,Parker,59675
185,Mark,Morrison,25145
186,Bruce,Baker,15012
187,Steve,Wise,66196
188,Roger,Paul,2592
189,Nina,Richards,10844
190,Gregory,Warren,20818
191,Aiden,Hale,70512
192,Caleb,Franklin,64658
193,Ivan,Nelson,75921
194,Wayne,Sutton,49645
195,Katharine,Guzman,12866
196,Marion,Lewis,60456
197,Celia,Hubbard,62250
198,Leroy,Joseph,15842
199,Max,Sharp,54485
200,Clayton,Fuller,99389
201,Shane,Herrera,73722
202,Grace,Luna,13357
203,Adam,Kelley,9913
204,Victoria,Guerrero,27758
205,Marian,Phelps,50696
206,Leona,Goodwin,28258
207,Hilda,Warner,58957
208,Hannah,Douglas,32900
209,Jesse,Crawford,21975
210,Gavin,Wheeler,75692
211,Alexander,Baker,94385
212,Bettie,Cox,55542
213,Bill,Nguyen,86565
214,Noah,Hart,5804
215,Isaiah,Malone,64307
216,Clarence,Simpson,91560
217,Louise,Wise,66420
218,Ida,Saunders,94082
219,Adeline,Williams,89906
220,Jeffrey,Hawkins,34881
221,Walter,Jenkins,29860
222,Ronnie,Kennedy,46360
223,Hannah,Brewer,7851
224,Lucas,Conner,85379
225,Cornelia,Gardner,87276
226,Frances,Guzman,3515
227,Jessie,Murray,62280
228,Laura,Barrett,34956
229,Max,Armstrong,62371
230,Myrtle,McDaniel,54795
231,Millie,Salazar,32367
232,Roxie,Hoffman,25966
233,Christine,Burgess,23398
234,Vernon,Collier,47768
235,Billy,Summers,70422
236,Marion,Holland,46001
237,Lester,Castro,67727
238,Eva,Holmes,78226
239,Nina,Stanley,24319
240,Dorothy,Zimmerman,61045
241,Charlotte,Tucker,72895
242,Adeline,Fletcher,33760
243,Manuel,Hansen,51295
244,Isabel,Bates,7332
245,Pearl,Neal,18687
246,Willie,Harmon,65954
247,Warren,Rose,76241
248,Myrtle,Mitchell,43041
249,Isabel,Summers,90453
250,Alejandro,Abbott,33798
251,Floyd,Wong,94751
252,Jose,Wilkins,88834
253,Gary,Morrison,82179
254,Don,Perkins,52690
255,Dora,Mann,54939
256,Floyd,Morales,35690
257,Luis,Soto,36593
258,Georgie,Hanson,57518
259,Nettie,Campbell,10277
260,Nellie,McBride,50720
261,Edwin,Lopez,38561
262,Rena,McGee,83201
263,Dale,Anderson,53833
264,Helen,Carpenter,28348
265,Phillip,Larson,85732
266,Dylan,Kim,2077
267,Jorge,Roberson,26979
268,Aiden,Sharp,54048
269,Donald,Higgins,41483
270,Miguel,Curry,47751
271,Christina,Phillips,94982
272,Rebecca,Gutierrez,57562
273,Cecilia,Spencer,5864
274,Chris,Drake,47640
275,Sylvia,Powers,11741
276,Nelle,Green,62096
277,Lina,Fowler,34039
278,Maude,Curry,9746
279,Barbara,Stokes,59770
280,Mina,Drake,97337
281,Danny,Jenkins,75307
282,Samuel,Gutierrez,94240
283,Della,Jefferson,66257
284,Angel,Burns,73528
285,Leo,Garner,97130
286,Ronald,Roberson,80580
287,Jay,Norris,21073
288,Dale,Hodges,12568
289,Gordon,Bush,60531
290,Walter,Flores,68171
291,Ray,Watkins,9365
292,Timothy,Reese,53831
293,Allen,Jordan,91321
294,Emily,Warren,26763
295,Augusta,Bradley,34385
296,Walter,Hanson,83626
297,Ryan,Gray,65382
298,Claudia,Weber,79470
299,Alfred,May,81524
300,Bryan,Bass,430
301,Amy,Bennett,21385
302,Rose,Brewer,99898
303,Roxie,Allen,56439
304,William,Francis,12371
305,Christine,Stokes,50889
306,Manuel,Clarke,95619
307,Alex,Harris,16752
308,Dollie,McGee,76681
309,Alfred,Lindsey,89974
310,Warren,Walton,94666
311,Harriet,Banks,17031
312,Alice,Mendez,75772
313,Amanda,Rose,32284
314,Effie,Stephens,59435
315,Glen,Morris,20435
316,Linnie,Hubbard,48064
317,Jim,Watts,83539
318,Tillie,Norman,24576
319,Mattie,Cooper,21579
320,Flora,Harmon,77273
321,Craig,Roberson,12362
322,Jeff,Morris,23053
323,Lily,Griffith,75412
324,Wesley,Wilkins,99074
325,Ola,Barnett,97067
326,Carl,Meyer,20390
327,Winifred,Goodwin,42048
328,Micheal,Saunders,19144
329,Tommy,Roberts,56877
330,Cody,Gordon,65544
331,Elmer,Davidson,84068
332,Corey,Alvarado,10447
333,Harry,Rowe,7500
334,Scott,Simmons,92732
335,Gabriel,Pittman,5363
336,Lottie,Castillo,68568
337,Wesley,Phelps,95049
338,Hunter,Warner,73677
339,Jackson,Stone,19847
340,Bernice,Weaver,13847
341,Randy,Bennett,89231
342,Susie,Bennett,31418
343,Lizzie,Stevens,1581
344,Walter,Robinson,1099
345,Thomas,Abbott,59727
346,Steven,Barker,79907
347,Sallie,Rivera,4148
348,Jordan,Robbins,94252
349,Alberta,Carpenter,78317
350,Jimmy,Collins,32014
351,Isaiah,Simon,79605
352,Jim,Luna,30402
353,Johnny,Brady,24195
354,Dennis,Schultz,18832
355,Dale,Fisher,82468
356,Jon,Meyer,33489
357,Alice,Thomas,24405
358,Tillie,Saunders,63730
359,Janie,Gross,35629
360,Randy,Logan,51022
361,Harvey,Lamb,40278
362,Leon,Brooks,45390
363,Ethel,Coleman,61974
364,Elsie,Sparks,1479
365,Isabella,Owens,62275
366,Allie,Chandler,87182
367,Minerva,Tucker,22692
368,Laura,Foster,52646
369,Sylvia,Lewis,74709
370,Brandon,Daniel,30335
371,Mildred,Brewer,56657
372,Alice,Parks,4907
373,Kyle,Pearson,23600
374,Eula,Arnold,53689
375,Olga,Jones,61034
376,Jim,Goodwin,58562
377,Harry,Williamson,48696
378,Caleb,Parsons,12894
379,Eddie,Hawkins,24359
380,Cody,Washington,59391
381,Polly,McBride,43089
382,Lucy,Cruz,73196
383,Cynthia,Rodriguez,75200
384,Jeffrey,Hardy,98921
385,Helena,Higgins,56287
386,Lelia,Frazier,64848
387,Stella,Welch,99818
388,Winifred,Maxwell,71415
389,Douglas,Hamilton,79389
390,Lawrence,Curtis,53322
391,Martha,Castro,11587
392,Jordan,Aguilar,91211
393,Mittie,French,71961
394,Aaron,Anderson,57956
395,Ronald,Boone,48174
396,Cameron,Wheeler,35051
397,Tyler,Hayes,46656
398,Isaiah,Wells,94220
399,Lizzie,Lawrence,15966
400,Ophelia,Thompson,45499
401,Kate,Davis,99058
402,Lewis,Lawson,10989
403,Roger,Osborne,49832
404,Mabel,Welch,39867
405,Aaron,Simon,46603
406,Julia,Daniel,61959
407,Gilbert,Cohen,37704
408,Roxie,Davidson,62492
409,Lottie,Norton,99256
410,Mabelle,Alvarado,72789
411,Celia,Curry,10882
412,Rosie,Fernandez,59592
413,Alex,Tate,95386
414,Jesse,Graham,60516
415,Leila,Bennett,23936
416,Alberta,Byrd,43126
417,Micheal,Davidson,27868
418,Isaac,Bishop,76252
419,Luella,Munoz,49140
420,Vincent,Stewart,55882
421,Gary,Townsend,48896
422,Flora,Colon,92552
423,Henrietta,Castro,77397
424,Nicholas,Hawkins,12717
425,Leroy,Simmons,66267
426,Emilie,Fernandez,78157
427,Maggie,Baldwin,78026
428,Jim,Williams,19123
429,Joseph,Pope,49376
430,Clarence,Young,89860
431,Clara,Zimmerman,66585
432,Daniel,Bryan,99081
433,Nora,French,20628
434,Todd,Wilson,84547
435,Randall,Simon,61869
436,Josephine,Nash,68601
437,Fred,Reynolds,90705
438,Jordan,Murray,58369
439,Josephine,Clayton,92886
440,Bernard,Pope,57883
441,Wesley,Austin,40752
442,Sara,Clarke,65594
443,Steve,Newman,62172
444,Richard,Howard,27707
445,Ollie,Rowe,42350
446,Marian,Holmes,25405
447,Lizzie,Mathis,75225
448,Lily,Aguilar,23209
449,Clarence,Hughes,44510
450,Lloyd,Hammond,20715
451,Agnes,Lamb,1776
452,Myra,Lindsey,93013
453,Verna,Buchanan,8975
454,Luis,Cunningham,71643
455,Nicholas,Robinson,21942
456,Roy,Blair,93608
457,Chester,Morgan,28976
458,Eva,Robbins,96329
459,Jean,Stephens,54753
460,Estelle,Lloyd,72392
461,Alexander,Payne,90147
462,Ruth,Tucker,73687
463,Carrie,Clayton,79502
464,Lou,Jefferson,65317
465,Elizabeth,Clayton,83488
466,Gilbert,Wolfe,32410
467,Jacob,Vargas,64508
468,Ryan,Strickland,9844
469,Joel,Holland,66032
470,Justin,Reese,11125
471,Lucas,Terry,88131
472,Amelia,Castro,79495
473,Ruby,Gill,28730
474,Ryan,Lawrence,52054
475,Tillie,Flowers,52888
476,Jason,Fernandez,91368
477,Rosie,Robertson,37708
478,Tommy,Reed,10824
479,Lora,Bailey,71033
480,Chad,Taylor,50635
481,Clarence,Wong,90851
482,Lily,Miles,52104
483,Joshua,Allen,320
484,Todd,Moran,17187
485,Hester,Houston,12151
486,Julian,Neal,52035
487,Gerald,Miles,38519
488,Harriett,Knight,39938
489,Eugene,Gilbert,16722
490,Mitchell,Sims,22284
491,Bertie,Norton,41119
492,Sophia,Carpenter,35248
493,Lillian,Garcia,10903
494,Eugenia,Pearson,51306
495,Kevin,Crawford,29836
496,Ina,Watson,4017
497,Andrew,Simon,89905
498,Nell,Porter,23069
499,Sallie,Webb,50762
500,Sara,Maxwell,94551
501,Chad,Waters,308
502,Teresa,Ford,77076
503,Ivan,Parker,1215
504,Birdie,Burke,92979
505,Charlie,Gutierrez,22196
506,Eleanor,Christensen,79056
507,Bobby,Gibson,56906
508,Jeffrey,Fletcher,4048
509,Kate,Reynolds,62098
510,Myra,Buchanan,20291
511,Evan,Pierce,51768
512,Jeff,Montgomery,22513
513,Landon,Arnold,7185
514,Aaron,Hicks,14437
515,Marvin,Murray,47460
516,Hester,Kennedy,57920
517,Glen,Brooks,7465
518,Edgar,Summers,58313
519,Elmer,Garner,15751
520,Essie,Sharp,29789
521,Ida,Pope,47187
522,Micheal,Hall,59883
523,Elnora,Marshall,67822
524,Louis,Boone,51581
525,Nora,Walker,92043
526,Alan,Love,47920
527,Hannah,Wilson,88453
528,Jordan,Dixon,74007
529,Roxie,Rice,21182
530,Micheal,Baker,44379
531,Adelaide,Peters,87293
532,Ora,Thornton,26037
533,Brett,Turner,30011
534,Erik,Gonzales,82286
535,Lora,Lawrence,90540
536,Mathilda,Luna,18794
537,Sue,Rodgers,50240
538,Violet,Daniel,43582
539,Teresa,Miller,43965
540,Mollie,Jimenez,55092
541,Ella,Graham,37342
542,Duane,Todd,72385
543,Donald,Strickland,33252
544,Susan,Gordon,86848
545,Hilda,Adkins,97089
546,Adele,Coleman,64791
547,Bettie,Cox,85570
548,Millie,Phillips,96461
549,Bertha,Rowe,22344
550,Marguerite,Collier,68745
551,Lizzie,Perkins,12707
552,Timothy,Pratt,16187
553,Jayden,Estrada,74881
554,Jared,Wagner,36478
555,Leo,Larson,49925
556,Harriett,Nash,20366
557,Keith,Edwards,7466
558,Verna,Newman,36989
559,Bobby,Thompson,90897
560,Lena,Maxwell,33061
561,Ora,Pittman,28792
562,Robert,Medina,48987
563,Elva,Coleman,74595
564,Eugenia,Webster,2357
565,Martin,Keller,5936
566,Jordan,Atkins,36054
567,Olivia,Briggs,17352
568,Matthew,Boone,9263
569,Cornelia,Dean,32489
570,Tony,Carter,37689
571,Corey,Mathis,75487
572,Carl,Alexander,50246
573,Trevor,Lawrence,39555
574,Dollie,Maxwell,11384
575,Betty,Gonzales,94947
576,Ronnie,McCoy,42291
577,Jerome,Jones,51768
578,Estella,Johnston,43275
579,Jon,Figueroa,58558
580,Ann,Vasquez,35045
581,Gerald,Alvarez,48820
582,Lawrence,Reid,67510
583,Lottie,Craig,41309
584,Inez,Gray,95700
585,Esther,Jordan,62194
586,Leila,Dean,80185
587,Olive,Oliver,27422
588,Claudia,Allen,53005
589,Bertie,Wilkins,32682
590,Annie,Owen,59889
591,Joshua,Carr,20917
592,Don,Ruiz,63541
593,Alan,Matthews,25269
594,Christine,Cain,51815
595,Jesse,Roy,33012
596,Cornelia,Thomas,20249
597,Lee,Morales,69143
598,Edna,Cummings,52570
599,Harriett,Clarke,22561
600,Bertha,Wallace,12577
601,Ida,Dean,43089
602,Alma,Rodriquez,16960
603,Sophia,Hopkins,98914
604,Lawrence,Morton,12628
605,William,Joseph,79435
606,Kathryn,Hammond,1433
607,Ryan,Shelton,43511
608,Patrick,Pope,50890
609,Evelyn,Diaz,65218
610,Helena,Price,29746
611,Mamie,McDonald,57979
612,Glenn,Osborne,51534
613,Ina,Sandoval,81688
614,Lou,Morales,79126
615,Francis,Cannon,34642
616,Edna,Walker,52218
617,Sallie,Hubbard,79953
618,Corey,Watkins,89646
619,Peter,Carlson,77578
620,Melvin,Ray,83676
621,Mason,Reyes,69422
622,Matilda,Ortega,88353
623,Susie,Flores,8190
624,Bernice,Baker,14448
625,Inez,Moody,60611
626,Dale,Taylor,59974
627,Jon,Conner,41839
628,Troy,Horton,78421
629,Darrell,Leonard,79640
630,Adelaide,Ballard,67037
631,Hannah,Hicks,79818
632,Lida,Lyons,85232
633,Fred,Scott,94800
634,Fannie,Dunn,68429
635,Frances,Schultz,66524
636,Harriett,Brooks,7861
637,Sara,Hoffman,94917
638,Edgar,Riley,20346
639,Franklin,Hawkins,19659
640,Tommy,Burgess,32279
641,Lewis,Moore,45301
642,Alta,Maxwell,51149
643,Nelle,Russell,99883
644,Margaret,Figueroa,65241
645,Emma,Lindsey,97393
646,Adrian,Beck,38984
647,Mae,Francis,64530
648,Samuel,Lewis,70605
649,Ivan,Vasquez,7572
650,Dorothy,Hansen,21201
651,Jane,Ellis,45690
652,Randy,Hill,86515
653,Bernard,Elliott,46940
654,Scott,Oliver,93615
655,Luke,Steele,68187
656,Eleanor,Stone,30991
657,Alexander,Roy,39267
658,Lucy,Weaver,23482
659,Ora,Swanson,7162
660,Brian,Sanchez,6519
661,Brett,Clayton,78160
662,Brett,Waters,51702
663,Luis,Walters,83386
664,Samuel,Massey,78182
665,Alberta,Mack,35060
666,Mike,Harrison,9627
667,Norman,Moody,56487
668,Eliza,Stevens,99390
669,Kyle,Vaughn,1313
670,Ricky,Davis,61331
671,Henry,Rice,99304
672,Susan,Reynolds,22570
673,Brent,Haynes,95054
674,Sophia,Hunt,82255
675,Dora,French,64969
676,Angel,Johnston,34295
677,Frances,Daniel,73444
678,Belle,Parks,4017
679,Elva,Bowman,42615
680,Myrtle,Simon,94062
681,Lena,Hernandez,12076
682,Kevin,Fletcher,66485
683,Ola,Briggs,61963
684,Ina,Reyes,27149
685,Rosalie,Christensen,62340
686,Martha,Nguyen,36533
687,Lottie,Potter,92265
688,Chris,Hart,76471
689,Lottie,Watts,27897
690,Rebecca,McCoy,91064
691,Wesley,Young,84767
692,Tyler,Sharp,20244
693,Christian,Palmer,31520
694,Lloyd,Huff,65337
695,Edith,Norton,65440
696,Jon,Powell,55866
697,Ronald,Peters,69021
698,Blake,Bowman,55177
699,Lulu,Baldwin,66395
700,Tillie,McLaughlin,83042
701,Bobby,Nguyen,68213
702,Hallie,Roberson,52306
703,Owen,Ellis,92387
704,Brent,Washington,13288
705,Beulah,Logan,67024
706,Henrietta,Garcia,50695
707,Gregory,Hunt,16331
708,Jason,Hunter,32235
709,Aiden,Roberts,92424
710,Janie,Stephens,97698
711,Chad,Lyons,38124
712,Maurice,Garza,23677
713,Sarah,Simpson,97628
714,Kate,Burke,69167
715,Eliza,Saunders,68334
716,Troy,McCoy,83048
717,Leah,Evans,11079
718,Bruce,Reed,62312
719,Katie,Higgins,86258
720,Edith,Ryan,47970
721,Marian,Newton,95756
722,Mae,Boyd,87982
723,Vernon,Rios,82554
724,Jeffery,Rodriguez,34967
725,Henry,Ruiz,25449
726,Patrick,Chavez,38210
727,Christian,Bishop,70226
728,Nell,Bell,64034
729,Edgar,Burke,84267
730,Herman,Welch,58232
731,Irene,Hogan,30731
732,Milton,Chambers,90248
733,Philip,Armstrong,21298
734,Myrtie,Sandoval,55474
735,Minnie,Norris,85143
736,Cordelia,Ingram,53491
737,Brent,Hampton,76200
738,Christina,Crawford,76590
739,Louisa,Vargas,83594
740,Warren,Olson,73246
741,Shane,Bass,15761
742,Devin,Santiago,12004
743,Gabriel,May,56017
744,Jane,Schwartz,59142
745,Leonard,Shelton,4820
746,Tillie,Nunez,26240
747,Adelaide,Chandler,4042
748,Barbara,Lambert,96230
749,Alice,Bell,48864
750,Dylan,Lee,54586
751,Adrian,Romero,65252
752,Troy,Luna,98353
753,Esther,Bowen,28102
754,Clarence,Rios,9065
755,Tillie,Ross,89505
756,Julia,Steele,3418
757,Irene,Ramirez,43056
758,Evelyn,Jones,36456
759,Derek,Gonzalez,38150
760,Violet,Black,63354
761,Gene,Roy,56336
762,Adrian,Strickland,66063
763,Mamie,Castillo,19528
764,Callie,Patrick,97612
765,Christine,Rose,57794
766,Travis,Fields,70059
767,Bill,Jones,22009
768,Birdie,Powers,18164
769,Eunice,Gonzalez,31487
770,Edith,Castro,69244
771,Phillip,McGee,4540
772,Lulu,Little,60757
773,Adeline,Richards,65887
774,Stephen,Frank,36388
775,Nancy,Maxwell,77169
776,Verna,McKinney,90545
777,Dollie,Arnold,89674
778,Ryan,Townsend,28202
779,Jerome,Cox,17433
780,Lucas,Nunez,12583
781,Austin,Chavez,5919
782,Josephine,Pearson,27959
783,Phoebe,Black,70763
784,Fanny,Patrick,73453
785,Cecelia,Stone,78947
786,Devin,Carlson,7487
787,Herbert,Nunez,76866
788,Andrew,Lawson,75196
789,Darrell,Holland,5634
790,Louisa,McCormick,46649
791,Nathaniel,Pearson,16978
792,Owen,Ortiz,94849
793,Leon,Wagner,12490
794,Eugene,Ortiz,80421
795,Isabella,Parks,40452
796,Sean,Lawrence,35128
797,Mike,Buchanan,85857
798,Bertie,Evans,80497
799,Fannie,Bishop,54618
800,Sam,Santiago,8249
801,Abbie,Morrison,69688
802,Inez,Huff,30788
803,Flora,Jennings,50700
804,Gordon,Hines,71896
805,Jeremiah,Carlson,67334
806,Glen,West,25809
807,Joseph,James,30017
808,Manuel,Powell,98774
809,Sylvia,Armstrong,61697
810,Janie,Byrd,96364
811,Mathilda,Lee,82388
812,Harold,Clayton,67981
813,Christine,Lawson,6761
814,Lizzie,Hardy,53270
815,Rosa,Henry,30813
816,Josephine,Goodman,2221
817,Josie,Newton,36622
818,Christina,Salazar,24416
819,Myra,Cannon,72783
820,Matilda,Valdez,41539
821,Tillie,Flowers,54087
822,Adrian,Arnold,99908
823,Sue,Jordan,5100
824,Alta,Clayton,6333
825,Nancy,Rios,91768
826,Lura,Vasquez,42101
827,Caleb,Nichols,75149
828,Nora,Morton,63697
829,James,Mullins,22452
830,Frances,Gonzalez,87915
831,Ina,Hodges,26388
832,Dustin,Reed,37320
833,Keith,Hunter,23943
834,Rachel,Strickland,50794
835,Hilda,Johnson,96562
836,Millie,Spencer,77258
837,Hannah,Baldwin,56569
838,Sallie,Cortez,77809
839,Paul,Boyd,29470
840,Shawn,Brooks,41732
841,Kathryn,Carpenter,85234
842,Elnora,Lambert,38618
843,Harriet,McLaughlin,61481
844,Ada,Morgan,63664
845,Ora,Farmer,80445
846,Lida,Craig,95291
847,Alan,Davis,51662
848,Isabel,Murray,52243
849,Alexander,Wise,76323
850,Jeffery,Guzman,42706
851,Mathilda,Gomez,69593
852,Evelyn,Ortega,3904
853,Stanley,Hunt,66911
854,Trevor,George,1120
855,Cory,Burgess,63865
856,Olivia,Moran,70126
857,Ellen,Luna,35060
858,Cory,Zimmerman,46564
859,Nell,Barton,67889
860,Terry,Patterson,46789
861,Harriet,Elliott,89759
862,Mabelle,Wise,58974
863,Seth,Stewart,84970
864,Edna,Knight,33641
865,Delia,Rhodes,65912
866,Eula,Arnold,16576
867,Hunter,Bowers,48748
868,Katherine,Gibbs,35023
869,Katharine,Howard,94816
870,Brett,Cobb,63439
871,Jay,Carson,4365
872,Allie,Parks,10039
873,Eunice,Barnett,92159
874,Margaret,Barker,25804
875,Dorothy,Parsons,71936
876,Belle,Barnett,63633
877,Rachel,Powers,10032
878,Vincent,Hernandez,67421
879,Blanche,Kim,99022
880,Iva,Vaughn,84513
881,Nora,Jackson,91382
882,Beatrice,Brooks,47735
883,Austin,Mann,88332
884,Lettie,Perkins,54045
885,Earl,Schwartz,69955
886,Daniel,McGee,99101
887,Nannie,Warner,90122
888,Brandon,Adams,22778
889,Dale,Clark,29065
890,Andre,Martin,50338
891,Mildred,Yates,38630
892,Annie,Wilson,67714
893,Etta,Austin,31132
894,Victoria,Holt,5827
895,Cordelia,Ramsey,86579
896,Theresa,Huff,69358
897,Fred,Alexander,83106
898,Nancy,Carr,68591
899,Lola,Gill,54547
900,Jordan,Jensen,77136
901,Blake,Hicks,65741
902,Luke,Washington,32774
903,Ora,Steele,33827
904,Lena,Rodriguez,20240
905,Devin,Howell,53218
906,Marie,Collins,21082
907,Ruby,Barber,55854
908,Ida,Murphy,79966
909,Milton,Lloyd,71111
910,Steven,Foster,26702
911,Ophelia,Meyer,40815
912,Kathryn,Cole,24999
913,Ethel,Hale,69222
914,Oscar,Ford,54798
915,Ethan,Burton,9111
916,Jose,McKinney,6721
917,William,Hanson,881
918,Rosie,Wells,70837
919,Antonio,Lawson,95724
920,Ellen,Medina,59471
921,Ella,Aguilar,43498
922,Polly,Miller,3985
923,Charles,Garza,39043
924,Lily,Reid,74629
925,Mae,Riley,18532
926,Harry,Wong,59025
927,Hilda,Meyer,30448
928,Thomas,Watson,59366
929,Alfred,Gonzalez,51274
930,Teresa,Walsh,15211
931,Eugene,Benson,46893
932,Elva,Douglas,40352
933,Don,Steele,67498
934,Eric,Todd,63436
935,Barry,Houston,97031
936,Beulah,Black,81848
937,Christine,Cain,3053
938,Mabelle,Hart,84404
939,Beulah,Ward,92185
940,Lloyd,Reeves,49298
941,Lillian,Thornton,80526
942,Johanna,Pope,59316
943,Darrell,Harmon,49000
944,Adeline,Taylor,3015
945,Esther,Fernandez,77131
946,Johanna,Gutierrez,88552
947,Winifred,Hamilton,66250
948,Terry,Sharp,48097
949,Pearl,Stokes,73950
950,Betty,Miller,3083
951,Darrell,Dawson,9823
952,Adeline,Day,82025
953,Curtis,Vargas,8034
954,Sally,Austin,84784
955,Dollie,Gross,94143
956,Jeffery,Reese,56835
957,Laura,Webb,53953
958,Bess,Turner,43103
959,Lottie,Cross,43609
960,Eugenia,Carr,26262
961,Rebecca,Campbell,92261
962,Rosa,Barnett,99691
963,Harvey,Quinn,74516
964,Alexander,Ingram,35497
965,Lois,Morrison,73780
966,Dustin,Torres,5382
967,Russell,Foster,56071
968,Peter,Cohen,14643
969,Virgie,Saunders,53759
970,Mathilda,Stone,69088
971,Herbert,Holland,40918
972,Austin,Hunt,54193
973,Louis,Lewis,11826
974,Theresa,Becker,51705
975,Kenneth,Griffith,96515
976,Abbie,Bates,41895
977,Christian,Colon,7712
978,Glen,Garrett,30587
979,David,Holmes,24713
980,John,Garner,63571
981,Viola,Nelson,97949
982,Della,Frank,23237
983,Franklin,Warner,49297
984,Noah,Pittman,936
985,Rose,Floyd,91042
986,Sophie,Page,12658
987,Chad,Bates,67010
988,Raymond,Vasquez,495
989,Amy,Newman,33336
990,Georgie,Bryan,20606
991,Tommy,Wright,71025
992,Jayden,Holt,64715
993,Christopher,Sparks,84959
994,Fanny,Rice,58007
995,Louise,Chandler,26720
996,Ada,Massey,4630
997,Alvin,Fitzgerald,6895
998,Herman,Foster,64682
999,Elva,McGee,86098
1000,Louisa,Long,48496